,contact_id,first_name,last_name,email
0,4661,Cecilia,Velasco,cecilia.velasco@rodrigues.fr
1,3765,Mariana,Ellis,mariana.ellis@rossi.org
2,4187,Sofie,Woods,sofie.woods@riviere.com
3,4941,Jeanette,Iannotti,jeanette.iannotti@yahoo.com
4,2199,Samuel,Sorgatz,samuel.sorgatz@gmail.com
5,5650,Socorro,Luna,socorro.luna@hotmail.com
6,5889,Carolina,Murray,carolina.murray@knight.com
7,4842,Kayla,Moon,kayla.moon@yahoo.de
8,3280,Ariadna,Geisel,ariadna.geisel@rangel.com
9,5468,Danielle,Ladeck,danielle.ladeck@scalfaro.net
10,3064,Tatiana,Thompson,tatiana.thompson@hunt.net
11,4904,Caleb,Benavides,caleb.benavides@rubio.com
12,1299,Sandra,Hardy,sandra.hardy@web.de
13,5602,Lotti,Morris,lotti.morris@yahoo.co.uk
14,5753,Reinhilde,White,reinhilde.white@voila.fr
15,4495,Kerry,Patel,kerry.patel@hutchinson.com
16,4269,Sophie,Antoine,sophie.antoine@andersen.com
17,2226,Martha,Girard,martha.girard@web.de
18,1558,Stephanie,King,stephanie.king@cervantes.com
19,2307,Amanda,Palmer,amanda.palmer@didier.fr
20,2900,Lina,Alcala,lina.alcala@vespa.net
21,5695,Itzel,Murphy,itzel.murphy@muelichen.de
22,5708,Filippo,Parry,filippo.parry@live.com
23,1663,Katelyn,Cole,katelyn.cole@fiebig.com
24,3605,Brian,Novak,brian.novak@ford.net
25,4678,Cilly,Gay,cilly.gay@callegaro.it
26,2251,Yolanda,Snyder,yolanda.snyder@gmx.de
27,6202,Evelin,Odonnell,evelin.odonnell@ibarra.net
28,3715,Ingeborg,Alba,ingeborg.alba@hotmail.com
29,4242,Marina,Madrid,marina.madrid@galarza-alba.com
30,4326,Sheila,Goodwin,sheila.goodwin@yahoo.com
31,5560,Valeria,Rich,valeria.rich@turchetta-mondadori.it
32,4002,Dustin,Camacho,dustin.camacho@rhodes.org.au
33,3813,Amalia,Marenzio,amalia.marenzio@grupo.com
34,5336,Gian,Long,gian.long@hotmail.com
35,4994,Stewart,Hunt,stewart.hunt@anderson-vargas.biz
36,1471,Greca,Ruiz,greca.ruiz@carr.co.uk
37,4482,Gerald,Olivera,gerald.olivera@outlook.com
38,3241,Jaqueline,Wallace,jaqueline.wallace@gmail.com
39,3477,John,Lane,john.lane@gregoire.fr
40,2265,Pero,Joly,pero.joly@bernard.net
41,5911,Chad,Turner,chad.turner@gmail.com
42,2288,Adam,Zavala,adam.zavala@guichard.fr
43,4064,Tyler,Rivera,tyler.rivera@guajardo-ozuna.com
44,1294,Jens,Graham,jens.graham@jones-buckley.com
45,5008,Virginia,Caetani,virginia.caetani@sosa.biz
46,3604,Martino,Wagner,martino.wagner@laposte.net
47,3263,Martin,Meyer,martin.meyer@davis.co.uk
48,5631,Marguerite,Walls,marguerite.walls@martinez.fr
49,2851,Peter,Vogt,peter.vogt@yahoo.com
50,3714,Nicholas,Christian,nicholas.christian@hotmail.de
51,1664,Susi,Steinberg,susi.steinberg@preiss.com
52,5027,Tammy,Ramazzotti,tammy.ramazzotti@gmail.com
53,3070,Abdul,Thomas,abdul.thomas@vasari.com
54,4248,Justin,Luxardo,justin.luxardo@googlemail.com
55,2034,Antonio,Gibson,antonio.gibson@faust.net
56,4085,Jeremy,Gomez,jeremy.gomez@oconnor.org
57,3569,Raymond,Solorzano,raymond.solorzano@gmail.com
58,3889,Flora,Harris,flora.harris@hotmail.com.au
59,3136,Cheryl,Boyd,cheryl.boyd@segni.it
60,2103,Rhys,Leiva,rhys.leiva@gmx.de
61,2329,Mariano,Prieto,mariano.prieto@vodafone.it
62,3325,Laurie,Fibonacci,laurie.fibonacci@gmail.com
63,3131,David,Rudolph,david.rudolph@nelson.com
64,4995,Bryan,Ross,bryan.ross@yahoo.com
65,3631,Ubaldo,Brown,ubaldo.brown@philippe.com
66,5373,Clelia,Faulkner,clelia.faulkner@hotmail.com
67,3126,Sara,Erickson,sara.erickson@yahoo.de
68,2194,Rupert,Valle,rupert.valle@filogamo.it
69,2906,Puccio,Kitzmann,puccio.kitzmann@yahoo.com
70,2611,Thomas,Hutchinson,thomas.hutchinson@gmx.de
71,2374,Abelardo,Castro,abelardo.castro@gmail.com
72,3254,Greco,Walker,greco.walker@yahoo.com
73,3571,Miranda,Lacombe,miranda.lacombe@longoria-vanegas.net
74,2812,Diana,Schuchhardt,diana.schuchhardt@libero.it
75,3961,Stacey,Knox,stacey.knox@corporacin.com
76,3872,Glen,Faivre,glen.faivre@yahoo.com
77,4736,Andrew,Torres,andrew.torres@ruiz-torres.org
78,5119,Denny,Fritz,denny.fritz@despacho.biz
79,5725,Martyn,Caldera,martyn.caldera@hotmail.co.uk
80,4037,Abigail,Foster,abigail.foster@taylor.net
81,2109,Anthony,Hauffer,anthony.hauffer@tlustek.org
82,3283,Roger,Gerlach,roger.gerlach@may-mitchell.co.uk
83,6181,Christopher,Poirier,christopher.poirier@hotmail.com
84,3251,Branka,Traore,branka.traore@jacobi.com
85,3443,Briana,Etienne,briana.etienne@bishop-coates.com
86,2988,Brandon,Olson,brandon.olson@prince-moreno.net
87,1673,Celia,Ungaretti,celia.ungaretti@fox.com
88,2085,Barbara,Guibert,barbara.guibert@casares-sanches.com
89,1672,Daniela,Bell,daniela.bell@vollbrecht.org
90,4426,Phyllis,Gurule,phyllis.gurule@rodriguez-pham.com
91,3211,Alejandra,Joseph,alejandra.joseph@escalante-abrego.biz
92,3190,Giulio,Bohlander,giulio.bohlander@dbmail.com
93,2081,Amber,Weller,amber.weller@toso.eu
94,3185,Mary,Etzold,mary.etzold@conrad-harrison.com
95,5044,Amy,Georges,amy.georges@raedel.de
96,1883,Jennifer,Giraud,jennifer.giraud@yahoo.com
97,2067,Rosie,Peltier,rosie.peltier@voila.fr
98,4604,Oreste,Ward,oreste.ward@proyectos.com
99,3203,Luis,Edwards,luis.edwards@live.com
100,5758,Fiona,Griffiths,fiona.griffiths@curatoli-verdone.it
101,5755,Sally,Raya,sally.raya@tarchetti.it
102,5150,Carolyn,Charpentier,carolyn.charpentier@hotmail.de
103,4181,Nathalie,Alvarez,nathalie.alvarez@live.com
104,3006,Abril,Lowery,abril.lowery@novak.net
105,4865,Ottone,Sullivan,ottone.sullivan@hussain-kaur.com
106,2862,Esmeralda,Sollima,esmeralda.sollima@visintini.it
107,6070,Silvia,Gierschner,silvia.gierschner@tele2.it
108,5300,Kyle,Cunningham,kyle.cunningham@voila.fr
109,3486,Anel,Carpentier,anel.carpentier@klein-joseph.org
110,5989,Sarah,Davis,sarah.davis@david.com
111,2849,Luke,Klein,luke.klein@hotmail.com
112,1612,Gudrun,Mueller,gudrun.mueller@dillon-fuller.info
113,3307,Melissa,Canali,melissa.canali@libero.it
114,5288,Gabrielle,Ayala,gabrielle.ayala@hotmail.com
115,6026,Laura,Buckley,laura.buckley@ryan.org
116,2212,Wilfrido,Lorch,wilfrido.lorch@leclerc.fr
117,4591,Robert,Bruder,robert.bruder@manzoni.com
118,2771,Phillip,Soliz,phillip.soliz@outlook.com
119,5682,Alex,Smith,alex.smith@fournier.fr
120,5368,Jessica,Martinez,jessica.martinez@salieri.com
121,3706,Kelly,Carter,kelly.carter@hotmail.com.au
122,4034,Ahmad,Sosa,ahmad.sosa@gmail.com
123,3209,Toralf,Iglesias,toralf.iglesias@borrego.com
124,2384,Irene,Anichini,irene.anichini@yahoo.com
125,3074,Alicia,Cainero,alicia.cainero@yahoo.com
126,2031,Tracey,Laboy,tracey.laboy@bell.biz
127,5873,Donald,Reynaud,donald.reynaud@green.edu.au
128,5501,Venancio,Stadelmann,venancio.stadelmann@gmx.de
129,3489,Seth,Olivier,seth.olivier@yahoo.com
130,4210,Dennis,Boaga,dennis.boaga@gmx.de
131,6151,Pedro,Wilson,pedro.wilson@outlook.com
132,6047,Roland,Weihmann,roland.weihmann@gmail.com
133,5445,Hector,Morrison,hector.morrison@web.de
134,5493,Evangelos,Peters,evangelos.peters@sanchez.net
135,6036,Gerardo,Hamilton,gerardo.hamilton@libero.it
136,2368,Meta,Cuzzocrea,meta.cuzzocrea@howard-jensen.org
137,1501,Alma,Raymond,alma.raymond@tin.it
138,4351,Kathleen,Solimena,kathleen.solimena@wallace.biz
139,3096,Zacharie,Cordier,zacharie.cordier@gmail.com
140,6162,Riza,Techer,riza.techer@yahoo.com
141,1433,Enrique,Guillen,enrique.guillen@hotmail.co.uk
142,2720,Tristan,Weeks,tristan.weeks@pena.com
143,5251,Natalie,Lerma,natalie.lerma@boucher.com
144,1797,Rodney,Hamon,rodney.hamon@hotmail.com
145,1656,Adalberto,Lombardo,adalberto.lombardo@sfr.fr
146,1346,Florencia,Querini,florencia.querini@gmail.com
147,2989,Liam,Rolland,liam.rolland@yahoo.fr
148,5629,Ian,Kelly,ian.kelly@reeves.com.au
149,3456,Mehdi,Todd,mehdi.todd@web.de
150,3229,Rembrandt,Liguori,rembrandt.liguori@davis.org
151,2277,Irmi,Schweitzer,irmi.schweitzer@ozuna.com
152,1276,Gioffre,Stein,gioffre.stein@hotmail.com.au
153,3694,Frida,Villarreal,frida.villarreal@hotmail.de
154,2260,Steffen,Mangold,steffen.mangold@paul.net
155,5374,Elias,Marin,elias.marin@herve.net
156,4420,Roman,Gonzalez,roman.gonzalez@anderson.net
157,3849,Reina,Middleton,reina.middleton@hotmail.com
158,1638,Sandro,Moran,sandro.moran@hotmail.de
159,5230,Gebhard,Thanel,gebhard.thanel@gmail.com
160,1763,Antonino,Bolander,antonino.bolander@gmail.com
161,4323,Karl,Trevisani,karl.trevisani@anguissola.it
162,5256,Silvester,Brookes,silvester.brookes@franco.org
163,4836,Octavio,Pratt,octavio.pratt@web.de
164,5981,Rebecca,Greer,rebecca.greer@hotmail.com
165,1463,Pierina,Gaggini,pierina.gaggini@free.fr
166,4577,Robin,Schleich,robin.schleich@rogers-barrera.biz
167,4951,Sergio,Abbott,sergio.abbott@moore.net.au
168,3567,Gilberto,Evans,gilberto.evans@salcedo-archuleta.net
169,5475,James,Elliott,james.elliott@gmail.com
170,2114,Timoteo,Bolnbach,timoteo.bolnbach@laboratorios.com
171,5216,Tonino,Stanley,tonino.stanley@hotmail.com
172,1665,Margaretha,Murialdo,margaretha.murialdo@meunier.com
173,6051,Bianca,Drubin,bianca.drubin@libero.it
174,3983,Kaylee,Hoffmann,kaylee.hoffmann@poulain.com
175,2966,Teresa,Vecellio,teresa.vecellio@yahoo.com
176,4478,Emine,Tacchini,emine.tacchini@dbmail.com
177,4238,Dawn,Cortez,dawn.cortez@gmail.com
178,4404,Emily,Cundari,emily.cundari@clark.com.au
179,5666,Eleanor,Hall,eleanor.hall@hotmail.com
180,3691,Monique,Delgadillo,monique.delgadillo@hotmail.co.uk
181,2703,Arnaude,Warner,arnaude.warner@gmail.com
182,4253,Jason,Howell,jason.howell@gmx.de
183,5652,Nicole,Mccullough,nicole.mccullough@hall.com
184,3279,Rosmarie,Esquibel,rosmarie.esquibel@bouygtel.fr
185,3233,Leonor,Ferreira,leonor.ferreira@gmail.com
186,3017,Brett,Jones,brett.jones@alice.it
187,3482,Nino,Bien,nino.bien@gmail.com
188,2166,Jemma,Tate,jemma.tate@hotmail.de
189,4146,Denis,Rogers,denis.rogers@poste.it
190,2651,Vanesa,Khan,vanesa.khan@voila.fr
191,1409,Victoria,Ojeda,victoria.ojeda@doehn.com
192,3717,Eugenio,Martin,eugenio.martin@yahoo.de
193,3963,Nancy,Hayes,nancy.hayes@hotmail.com
194,2152,Lara,Jacob,lara.jacob@buckley.org
195,2974,Gino,Hernandez,gino.hernandez@covarrubias.com
196,1268,Vicente,Tijerina,vicente.tijerina@montanariello.com
197,1822,Michele,Brambilla,michele.brambilla@yahoo.com
198,5066,Dana,Ritacca,dana.ritacca@gmail.com
199,5075,Mitchell,Bachmann,mitchell.bachmann@suarez-cruz.com
200,3855,Vincenza,Key,vincenza.key@adams.com
201,5923,Salvador,Gaillard,salvador.gaillard@yahoo.de
202,1867,Diane,Rogner,diane.rogner@kelly.co.uk
203,4376,Josette,Laine,josette.laine@saracino-parisi.net
204,2785,Courtney,Fiebig,courtney.fiebig@doerschner.com
205,5884,Hugues,Oliver,hugues.oliver@stiffel.com
206,2441,Espartaco,Willis,espartaco.willis@hotmail.com
207,1243,Flavia,Yoder,flavia.yoder@hotmail.de
208,3411,Casey,Flores,casey.flores@baggio.org
209,2467,Calogero,Cross,calogero.cross@mercantini.it
210,1850,Charles,Begum,charles.begum@laboratorios.info
211,2604,Adina,Pollard,adina.pollard@outlook.com
212,1693,Natasha,Lara,natasha.lara@outlook.com
213,2969,Benita,Pottier,benita.pottier@sfr.fr
214,1544,Elizabeth,Valdivia,elizabeth.valdivia@gmail.com
215,4149,Mattia,Huet,mattia.huet@aol.de
216,3463,Geza,Howard,geza.howard@voila.fr
217,2939,Lauren,Guillaume,lauren.guillaume@sorgatz.org
218,2202,Joanna,Baxter,joanna.baxter@bruce-wright.com
219,1728,Tracy,Metz,tracy.metz@bryant.info
220,5362,Birgit,Pena,birgit.pena@armellini.it
221,4840,Elvira,Papafava,elvira.papafava@ifrance.com
222,2955,Ernest,Delorme,ernest.delorme@dowerg.de
223,5354,Christy,Grossi,christy.grossi@alarcon-tafoya.com
224,3847,Hermelinda,Olmos,hermelinda.olmos@portillo.com
225,3025,Herbert,Fraser,herbert.fraser@holloway.org.au
226,1615,Giancarlo,Heydrich,giancarlo.heydrich@hotmail.com
227,5154,Constance,Maldonado,constance.maldonado@spiess.net
228,5005,Giampiero,Carlier,giampiero.carlier@hotmail.com
229,1349,Carlo,Jacquot,carlo.jacquot@hotmail.com
230,3670,Gabriel,Robles,gabriel.robles@yahoo.com
231,2912,Gerd,Gunpf,gerd.gunpf@gmail.com
232,4336,Ashley,Hellwig,ashley.hellwig@libero.it
233,5576,Patrick,Rosas,patrick.rosas@yahoo.com
234,2736,Lilla,Leonard,lilla.leonard@jungfer.com
235,3321,Tony,Nicolas,tony.nicolas@morrocco-seddio.net
236,3353,Allegra,Benedetti,allegra.benedetti@miller.com
237,2336,Camille,Tafuri,camille.tafuri@aol.de
238,4369,Juan,Wheeler,juan.wheeler@gilmore.net
239,4464,Leopoldo,Johnson,leopoldo.johnson@hotmail.com.au
240,5626,Dietmar,Grenier,dietmar.grenier@tele2.it
241,1669,Leonid,Scholl,leonid.scholl@collin.com
242,5544,Olivie,Contarini,olivie.contarini@marshall-wright.biz
243,6078,Jeffery,Lacroix,jeffery.lacroix@medina.org
244,2580,Edeltraud,Chavez,edeltraud.chavez@hotmail.com.au
245,3592,Mesut,Morvan,mesut.morvan@gmail.com
246,4914,Gregory,Jackson,gregory.jackson@ortiz.com
247,3848,Nicola,Rossi,nicola.rossi@berry.org
248,2619,Eddie,Collazo,eddie.collazo@gmail.com
249,4605,Philippe,Gardner,philippe.gardner@howells-jones.net
250,6147,Roy,Fox,roy.fox@tejeda.com
251,1383,Heiderose,Garcia,heiderose.garcia@noos.fr
252,1757,Claudine,Rowley,claudine.rowley@industrias.com
253,4390,Astrid,Roht,astrid.roht@fastwebnet.it
254,4165,Auguste,Burnett,auguste.burnett@yahoo.fr
255,4529,Pellegrino,Allen,pellegrino.allen@gmail.com
256,6084,Angela,Bowers,angela.bowers@laboratorios.com
257,2916,Michael,Descamps,michael.descamps@gmail.com
258,2005,Heidelore,Kennedy,heidelore.kennedy@guinizzelli.org
259,2261,Lucrezia,Koch,lucrezia.koch@petit.com
260,5342,Ivan,Accardo,ivan.accardo@web.de
261,4087,Karen,Avogadro,karen.avogadro@yahoo.com
262,2761,Laetitia,Gallet,laetitia.gallet@aubry.org
263,2908,Amico,Gosselin,amico.gosselin@shaw.info
264,2155,Ilaria,Bowen,ilaria.bowen@hotmail.it
265,5642,Marlen,Coardi,marlen.coardi@colletti.eu
266,6217,Rafael,Alexander,rafael.alexander@jenkins.com
267,4222,Herma,Gabbana,herma.gabbana@hotmail.com
268,4798,Zachary,Vespucci,zachary.vespucci@industrias.com
269,5660,Marisol,Richard,marisol.richard@gmail.com
270,5000,Joseph,Glover,joseph.glover@laposte.net
271,2809,Lauretta,Neal,lauretta.neal@hotmail.de
272,3349,Simone,Sauvage,simone.sauvage@yahoo.com
273,3647,Ramona,Brooks,ramona.brooks@kensy.de
274,5745,Gioele,Schwital,gioele.schwital@moody.com
275,2583,Elena,Jimenez,elena.jimenez@yahoo.com.au
276,5441,Pam,Vargas,pam.vargas@guillot.net
277,2090,Alison,Morales,alison.morales@lewis.com
278,3386,Marc,Aumann,marc.aumann@holland.com
279,1816,Carla,Butler,carla.butler@yahoo.com
280,4718,Dionigi,Bruce,dionigi.bruce@industrias.com
281,1677,Frank,Henry,frank.henry@yahoo.com
282,4218,Brent,Pons,brent.pons@proyectos.net
283,4548,Patricia,Liebelt,patricia.liebelt@baca.org
284,1431,Micheletto,Sykes,micheletto.sykes@thompson-thompson.com
285,2830,Rose,Blanc,rose.blanc@grupo.com
286,4400,Vincent,Singh,vincent.singh@gmail.com
287,5773,Jamie,Peacock,jamie.peacock@interiano-nordio.com
288,4161,Giorgia,Dijoux,giorgia.dijoux@paul.com
289,2062,Serena,Piacentini,serena.piacentini@yahoo.de
290,3458,Dimitri,Posada,dimitri.posada@gmail.com
291,3174,Alexa,Barillaro,alexa.barillaro@ramos.net
292,5565,Megan,Kuhl,megan.kuhl@despacho.com
293,1906,Kaitlyn,Farinelli,kaitlyn.farinelli@outlook.com
294,5479,Jonathan,Castellitto,jonathan.castellitto@libero.it
295,4320,Lisa,Terragni,lisa.terragni@proyectos.com
296,4213,Olivier,Petrucelli,olivier.petrucelli@letta-raurica.eu
297,3373,Jos,Trobbiani,jos.trobbiani@samson.com
298,4184,Mirjam,Dawson,mirjam.dawson@yahoo.com
299,5472,Javier,Tessier,javier.tessier@mclaughlin.biz
300,5559,Mirjana,Collins,mirjana.collins@hotmail.com
301,5419,Vanessa,Tschentscher,vanessa.tschentscher@mitchell.com
302,4171,Antonina,Cobb,antonina.cobb@gibson.org
303,1302,Bernard,Durand,bernard.durand@royer.com
304,3520,Corey,Greggio,corey.greggio@johnson.org.au
305,6010,Rodolfo,Couturier,rodolfo.couturier@tim.it
306,4617,Pierre,Cardenas,pierre.cardenas@luzi-bonomo.eu
307,1417,Romeo,Surian,romeo.surian@batista.com
308,4770,Ivo,Moreno,ivo.moreno@hotmail.com
309,4328,Federico,Marie,federico.marie@jourdan.fr
310,5171,Maggie,Boito,maggie.boito@yahoo.com
311,4394,Brianna,Hanson,brianna.hanson@stanley.com
312,1794,Heiko,Bourgeois,heiko.bourgeois@togliatti.com
313,3510,Benito,Gritti,benito.gritti@gmail.com
314,2487,Mitzy,Junk,mitzy.junk@zaragoza.com
315,2215,Samantha,Lowe,samantha.lowe@praga.it
316,4136,Ernesto,Nerger,ernesto.nerger@middleton.co.uk
317,3723,Melinda,Canova,melinda.canova@orange.fr
318,5842,Mohammad,Hartung,mohammad.hartung@hotmail.com
319,3289,Ben,Maillot,ben.maillot@ramos.net
320,1249,Isabel,Pruschke,isabel.pruschke@gmail.com
321,5409,Linda,Franceschi,linda.franceschi@richards.net
322,2951,Olivia,Striebitz,olivia.striebitz@gmail.com
323,3432,Penny,Watson,penny.watson@matthews.net
324,2297,Manfred,James,manfred.james@davies.org
325,6161,Hazel,Pierce,hazel.pierce@outlook.com
326,4603,Alf,Bates,alf.bates@dunn.com
327,5818,Scott,Gough,scott.gough@industrias.com
328,4270,Konrad,Briones,konrad.briones@fierro.com
329,6007,Mathilde,Kruschwitz,mathilde.kruschwitz@yahoo.com
330,4084,Irma,Gemito,irma.gemito@googlemail.com
331,1340,Antoine,Guyon,antoine.guyon@yahoo.com
332,5675,William,Gibilisco,william.gibilisco@gaillard.com
333,2010,Judith,Butte,judith.butte@fischer-vaughn.info
334,6201,Joanne,Henderson,joanne.henderson@gmail.com
335,1791,Ludovica,Arellano,ludovica.arellano@morandi-argento.com
336,3314,Catherine,Gray,catherine.gray@hotmail.com
337,5852,Franco,Fioravanti,franco.fioravanti@barry-gill.com.au
338,4618,Heather,Zimmer,heather.zimmer@bluemel.de
339,2618,Hortense,Taylor,hortense.taylor@chambers.biz
340,4967,Livia,Ernst,livia.ernst@colas.fr
341,4594,Toby,Etzler,toby.etzler@industrias.com
342,2080,Ennio,Leoncavallo,ennio.leoncavallo@sanchez.org
343,2793,Philippine,Vaca,philippine.vaca@hotmail.com
344,4890,Rhonda,Phillips,rhonda.phillips@yahoo.com
345,3528,Alphonse,Nitto,alphonse.nitto@voila.fr
346,5810,Karina,Arreola,karina.arreola@yahoo.com.au
347,5720,Denise,Wood,denise.wood@mantegna.com
348,4593,Burghard,Rosenow,burghard.rosenow@hotmail.com
349,3186,Friedl,Powell,friedl.powell@laposte.net
350,5136,Benjamin,Schultz,benjamin.schultz@rivero-davila.com
351,2646,Rachel,Ulibarri,rachel.ulibarri@schueler.com
352,3460,Silvano,Blanchet,silvano.blanchet@yahoo.com
353,4345,Kurt,Sauer,kurt.sauer@almanza.biz
354,2690,Nayeli,Gehringer,nayeli.gehringer@hotmail.com
355,4025,Imelda,Guerin,imelda.guerin@stumpf.net
356,4524,Zbigniew,Holmes,zbigniew.holmes@stiffel.net
357,3978,Adela,Alfonsi,adela.alfonsi@despacho.com
358,3910,Hilary,Clark,hilary.clark@libero.it
359,5825,Kornelius,Molina,kornelius.molina@heuser.com
360,3564,Christian,Anderson,christian.anderson@tim.it
361,2396,Francisco,Dorsey,francisco.dorsey@tiscali.fr
362,2140,Walli,Albert,walli.albert@dussen.com
363,3079,Siegrun,Mota,siegrun.mota@matthews-montoya.org.au
364,2017,Alberico,Herve,alberico.herve@beer.net
365,5444,Serafina,Bonnin,serafina.bonnin@mendes.com
366,2216,Marcelle,Bender,marcelle.bender@edwards-robinson.info
367,1241,Hartmuth,Robertson,hartmuth.robertson@thomas.edu.au
368,1484,Herlinde,George,herlinde.george@free.fr
369,3475,Pamela,Payne,pamela.payne@yahoo.com
370,4333,Gastone,Beyer,gastone.beyer@stewart-sanchez.edu
371,5657,Lydia,Berengario,lydia.berengario@aol.de
372,2527,Lucy,Davidson,lucy.davidson@tele2.it
373,5967,Franck,Wade,franck.wade@gute.org
374,5698,Heidi,Barker,heidi.barker@gmail.com
375,3331,Arnaldo,Ocasio,arnaldo.ocasio@hotmail.com
376,3841,Francis,Bernier,francis.bernier@rodriguez.com
377,6105,Johanne,Strong,johanne.strong@yahoo.de
378,3895,Debra,Langlois,debra.langlois@schmiedecke.com
379,1891,Reingard,Kambs,reingard.kambs@sagese.eu
380,1281,Mauro,Ortiz,mauro.ortiz@oquendo.net
381,4186,Griselda,Carranza,griselda.carranza@krause.de
382,2511,Janet,Madrigal,janet.madrigal@gmail.com
383,4272,Jenna,Day,jenna.day@reed.com
384,3533,Modesto,Wright,modesto.wright@pareto.com
385,3618,Alice,Wall,alice.wall@zaccardo.it
386,2177,Brenda,Sontag,brenda.sontag@solari.com
387,4102,Sergius,Mace,sergius.mace@palazzo.com
388,6089,Antonia,Kline,antonia.kline@gmail.com
389,4701,Maurice,Gumprich,maurice.gumprich@griffin.net.au
390,5645,Daniel,Anders,daniel.anders@yahoo.com
391,4499,Zaira,Cattaneo,zaira.cattaneo@yahoo.com
392,3365,Alessio,Bruneau,alessio.bruneau@hotmail.co.uk
393,2290,Gerdi,Guerrero,gerdi.guerrero@tele2.fr
394,1890,Brigitte,Stiebitz,brigitte.stiebitz@gmail.com
395,1304,June,Sinisi,june.sinisi@manzoni-giannini.it
396,3799,Carl,Macias,carl.macias@yahoo.com
397,2749,Veronica,Trapp,veronica.trapp@tiscali.it
398,2028,Frances,Garnier,frances.garnier@aporti-guidotti.org
399,2383,Terri,Iannelli,terri.iannelli@hotmail.com
400,5721,Odette,Moore,odette.moore@hall.edu
401,1394,Mercedes,Trujillo,mercedes.trujillo@aol.de
402,3451,Babette,Dumas,babette.dumas@brady.net
403,5512,Jerry,Santiago,jerry.santiago@soprano-ferragni.it
404,2453,Ronald,Simpson,ronald.simpson@ovadia.net
405,6055,Emmanuel,Dominguez,emmanuel.dominguez@gmail.com
406,5704,Christiane,Ricciardi,christiane.ricciardi@zavala.com
407,3707,Ingolf,Zamora,ingolf.zamora@yahoo.com.au
408,2205,Rita,Sharp,rita.sharp@beard-scott.edu.au
409,5976,Geraldine,Cabrera,geraldine.cabrera@green-smith.info
410,3290,Chantal,Armas,chantal.armas@jenkins.net
411,4257,Louis,Gilbert,louis.gilbert@gmail.com
412,4588,Michelle,Collier,michelle.collier@peruzzi.it
413,4785,Guillermina,Nicholson,guillermina.nicholson@grondin.fr
414,3033,Bertrand,Hopkins,bertrand.hopkins@gmail.com
415,2779,Alonso,Palomo,alonso.palomo@gehringer.de
416,2131,Tina,Rodriguez,tina.rodriguez@web.de
417,6229,Eva,Francis,eva.francis@parker.org
418,3429,Ottavio,Rust,ottavio.rust@crespi.com
419,1613,Amelia,Olvera,amelia.olvera@hotmail.com
420,4734,Paul,Palladio,paul.palladio@mclaughlin.net.au
421,4439,Bernardo,Wieloch,bernardo.wieloch@budig.com
422,1441,Umberto,Hicks,umberto.hicks@hill.com
423,5799,Janko,Bishop,janko.bishop@tim.it
424,1419,Jessika,Meunier,jessika.meunier@gmx.de
425,3059,Isaac,Benard,isaac.benard@googlemail.com
426,3224,Alexandrie,Lambert,alexandrie.lambert@yahoo.com
427,3181,Roberto,Guyot,roberto.guyot@bennett.com
428,6061,Giulietta,Lucas,giulietta.lucas@club.com
429,4466,Damaris,Pininfarina,damaris.pininfarina@gmail.com
430,6081,Fabrizia,Renard,fabrizia.renard@higgins-marks.com
431,2159,Camillo,Dehmel,camillo.dehmel@brown-campbell.com
432,3324,Ruggero,Parpinel,ruggero.parpinel@gmail.com
433,3176,Stephen,Pratesi,stephen.pratesi@hotmail.com
434,5874,Ludger,Naccari,ludger.naccari@ingram.biz
435,5110,Meryem,Tapia,meryem.tapia@yahoo.com
436,5490,Jasmine,Juvara,jasmine.juvara@yahoo.com.au
437,1922,Victoire,Travaglia,victoire.travaglia@zacchia.com
438,4398,Adrian,Noel,adrian.noel@perrin.com
439,4754,Marvin,Howe,marvin.howe@gmail.com
440,3309,Hanne,Kidd,hanne.kidd@yahoo.com
441,1244,Donatello,Millet,donatello.millet@fritsch.net
442,2892,Eloisa,Pascarella,eloisa.pascarella@gmail.com
443,2777,Erica,Zambrano,erica.zambrano@gmail.com
444,4952,Paula,Canales,paula.canales@gilmore-guerrero.com
445,5144,Claudia,Bernard,claudia.bernard@mazzanti.it
446,5487,Paulina,Miller,paulina.miller@lewis-barker.com
447,1932,Kathrin,Godfrey,kathrin.godfrey@tele2.fr
448,3364,Pina,Passalacqua,pina.passalacqua@yahoo.co.uk
449,5165,Julien,Miles,julien.miles@stevens-rose.com
450,3858,Suzanne,Benigni,suzanne.benigni@mennea-morlacchi.com
451,4666,Annalisa,Pugh,annalisa.pugh@hotmail.fr
452,2896,Mathew,Maestas,mathew.maestas@casas-garrido.com
453,4520,Laszlo,Vallee,laszlo.vallee@verdier.com
454,5726,Helen,Polanco,helen.polanco@hotmail.com
455,5661,Mateo,Sorrentino,mateo.sorrentino@calderon.com
456,4765,Eric,Barnes,eric.barnes@barrett-winter.com
457,3710,Dragica,West,dragica.west@yahoo.com.au
458,4925,Antje,Voisin,antje.voisin@gmail.com
459,1533,Stanley,Mills,stanley.mills@parker-lee.biz
460,5264,Brandy,Meraz,brandy.meraz@yahoo.com
461,4606,Conor,Reinhardt,conor.reinhardt@yahoo.com.au
462,2043,Gabino,Blot,gabino.blot@lewis-russell.org
463,3871,Alvaro,Lemus,alvaro.lemus@yahoo.com
464,6205,Patrizia,Wilms,patrizia.wilms@dbmail.com
465,3193,Metin,Coulon,metin.coulon@ashley.com
466,1810,Reece,Valencia,reece.valencia@laboy-palomo.com
467,4797,Troy,Schmiedecke,troy.schmiedecke@picard.com
468,1487,Wendy,Bustos,wendy.bustos@libero.it
469,3474,Guglielmo,Caldwell,guglielmo.caldwell@loeffler.com
470,5771,Travis,Cowan,travis.cowan@turner.info
471,6074,Brandi,Abbagnale,brandi.abbagnale@tele2.fr
472,1568,Hanno,Gollum,hanno.gollum@smith.com
473,4263,Jutta,Burke,jutta.burke@elliott.com
474,5850,Dorothe,Paz,dorothe.paz@fiebig.de
475,5619,Desiree,Huerta,desiree.huerta@morris.com
476,1904,Ilse,Bray,ilse.bray@venturi.it
477,5388,Pierpaolo,Scaduto,pierpaolo.scaduto@sanders-gibson.com.au
478,2150,Amedeo,Bradford,amedeo.bradford@yahoo.com
479,2653,Julia,Ali,julia.ali@yahoo.com
480,2687,Catalina,Pizzetti,catalina.pizzetti@tim.it
481,3779,Dylan,Porzio,dylan.porzio@yahoo.de
482,1494,Iris,Trincavelli,iris.trincavelli@tiscali.fr
483,4129,Johnathan,Guidotti,johnathan.guidotti@cox-sanchez.net
484,3035,Walburga,Vollbrecht,walburga.vollbrecht@aol.de
485,2069,Kendra,David,kendra.david@allan-morton.com
486,5469,Aleksandr,Weiss,aleksandr.weiss@blanc.org
487,3903,Cornelio,Guardado,cornelio.guardado@gmail.com
488,4083,Ferdi,Blackburn,ferdi.blackburn@christensen.net
489,4003,Bill,Gallagher,bill.gallagher@green.com
490,3565,Leonard,Harvey,leonard.harvey@hotmail.com
491,1640,Milan,Montenegro,milan.montenegro@langern.com
492,4769,Philip,Perez,philip.perez@hotmail.co.uk
493,3398,Kathryn,Hentschel,kathryn.hentschel@shaw.com
494,1865,Xavier,Samson,xavier.samson@baggio.it
495,5690,Hartwig,Roberts,hartwig.roberts@saraceno.net
496,3814,Kimberly,Chan,kimberly.chan@gmail.com
497,2942,Lorraine,Crawford,lorraine.crawford@gmail.com
498,5095,Maximiliano,Knowles,maximiliano.knowles@gmail.com
499,2878,Gabriella,Avila,gabriella.avila@gmail.com
500,3697,Rico,Mortati,rico.mortati@faivre.fr
501,4744,Gail,Petrocelli,gail.petrocelli@yahoo.com
502,2104,Liberto,Niemeier,liberto.niemeier@germano-dibiasi.it
503,4883,Luciana,Petitjean,luciana.petitjean@patterson-cole.biz
504,4807,Ron,Cavazos,ron.cavazos@yahoo.com
505,1372,Aldo,Cibin,aldo.cibin@gmx.de
506,3666,Alexandre,Serrano,alexandre.serrano@yahoo.co.uk
507,2066,Lori,Fagotto,lori.fagotto@hill-anderson.com
508,1834,Perla,Figueroa,perla.figueroa@live.com
509,5853,Reginald,Hughes,reginald.hughes@gmail.com
510,2219,Uriel,Holt,uriel.holt@gmail.com
511,4148,Stefano,Lemonnier,stefano.lemonnier@binner.com
512,4477,Madeleine,Cooper,madeleine.cooper@poste.it
513,1786,Alban,Barbier,alban.barbier@ortiz.org
514,3455,Alfonso,Finetti,alfonso.finetti@quiroz.com
515,5707,Ryan,Kim,ryan.kim@noos.fr
516,5470,Augustin,Wohlgemut,augustin.wohlgemut@watson.info
517,3274,Rolando,Bibi,rolando.bibi@tin.it
518,4613,Berthold,Randall,berthold.randall@mcdonald.com
519,4465,Genaro,Briand,genaro.briand@sfr.fr
520,1652,Rudolf,Jenkins,rudolf.jenkins@hotmail.com
521,2100,Pauline,Ackermann,pauline.ackermann@arredondo-roque.com
522,4321,Folker,Swanson,folker.swanson@rodrigues.fr
523,4168,Ashleigh,Montez,ashleigh.montez@perry-schneider.com
524,3733,Liliana,Barber,liliana.barber@libero.it
525,2594,Caridad,Carr,caridad.carr@huhn.com
526,3909,Lolita,Borrego,lolita.borrego@gmail.com
527,5179,Gunar,Patrick,gunar.patrick@leroy.com
528,2228,Leokadia,Verdier,leokadia.verdier@hotmail.com.au
529,6222,Hanna,Reid,hanna.reid@salas.org
530,2354,Edelgard,Kreusel,edelgard.kreusel@hotmail.com
531,1725,Svenja,Perrin,svenja.perrin@berger.com
532,2960,Pierluigi,Taccola,pierluigi.taccola@gmx.de
533,2077,Cilli,Watts,cilli.watts@yahoo.com
534,5662,Emiliano,Wells,emiliano.wells@gmx.de
535,3481,April,Davids,april.davids@fisher.info
536,2565,Dolores,Didier,dolores.didier@yahoo.com.au
537,4436,Sylvia,Bonomo,sylvia.bonomo@poulain.com
538,5072,Nelly,Marsh,nelly.marsh@hotmail.it
539,5200,Beth,Miniati,beth.miniati@hudson.net
540,4502,Renee,Merino,renee.merino@gmail.com
541,4945,Hailey,Russell,hailey.russell@jourdan.org
542,3012,Raphaela,Gotthard,raphaela.gotthard@outlook.com
543,6094,Pomponio,Comencini,pomponio.comencini@hotmail.co.uk
544,3815,Leone,Richardson,leone.richardson@yahoo.com
545,4838,Valentine,Acosta,valentine.acosta@peters.net
546,3469,Ricciotti,Laureano,ricciotti.laureano@parsons.com
547,4874,Jacques,Heidrich,jacques.heidrich@zamudio-chapa.com
548,1792,Anne,Snow,anne.snow@gmail.com
549,4356,Sonia,Volta,sonia.volta@gmx.de
550,6196,Dale,Leblanc,dale.leblanc@stewart.com
551,3578,Alejandro,Cruz,alejandro.cruz@hotmail.com
552,4491,Elsa,Cugia,elsa.cugia@yahoo.com
553,3054,Geronimo,Pechel,geronimo.pechel@hotmail.com
554,1968,Melania,Klemm,melania.klemm@seidel.com
555,5869,Katherine,Cooley,katherine.cooley@yahoo.com
556,5858,Guillermo,Larsen,guillermo.larsen@yahoo.com
557,5203,Jill,Barrios,jill.barrios@gmail.com
558,2577,Austin,Musatti,austin.musatti@tin.it
559,3216,Jacinto,Rose,jacinto.rose@yahoo.com
560,2037,Lucie,Redi,lucie.redi@googlemail.com
561,3867,Tania,Chapman,tania.chapman@remy.com
562,5109,Alexandria,Best,alexandria.best@yahoo.co.uk
563,1376,Edward,Scott,edward.scott@yahoo.com
564,5260,Jake,Wiley,jake.wiley@outlook.com
565,2350,Claudio,Reuter,claudio.reuter@morgan-collins.org.au
566,2269,Laure,Traetta,laure.traetta@kay-perkins.co.uk
567,3650,Magarete,Valentin,magarete.valentin@yahoo.com
568,3934,Paige,Hill,paige.hill@jones.org.au
569,4048,Fulvio,Curiel,fulvio.curiel@reynolds.com
570,4266,Thibaut,Camarillo,thibaut.camarillo@hotmail.com
571,3863,Romana,Blanchard,romana.blanchard@googlemail.com
572,4922,Thibault,Savorgnan,thibault.savorgnan@butler.biz
573,4517,Alexander,Pausini,alexander.pausini@gonzalez.info
574,3259,Pierangelo,Scholtz,pierangelo.scholtz@lefevre.com
575,3123,Emmanuelle,Keller,emmanuelle.keller@morton-clarke.com
576,3870,Isabella,Deleon,isabella.deleon@web.de
577,2996,Timothy,Weitzel,timothy.weitzel@gmail.com
578,2993,Alfredo,Ingram,alfredo.ingram@hotmail.com
579,4556,Francesca,Kade,francesca.kade@luna-rael.org
580,2326,Tonia,Coleman,tonia.coleman@hotmail.com
581,4109,Gottfried,Barbe,gottfried.barbe@hotmail.com
582,5739,Jeffrey,Trommler,jeffrey.trommler@yahoo.com
583,5887,Giacobbe,Owens,giacobbe.owens@huet.fr
584,1651,Conchita,Pagliaro,conchita.pagliaro@googlemail.com
585,1628,Kevin,Delahaye,kevin.delahaye@ellis-wilson.com
586,2642,Rouven,Ovadia,rouven.ovadia@gmail.com
587,6020,Piermaria,Laporte,piermaria.laporte@wesack.com
588,4747,Karolin,Johann,karolin.johann@hotmail.com
589,5534,Steven,Folliero,steven.folliero@noos.fr
590,4790,Livio,Rosselli,livio.rosselli@green.co.uk
591,4632,Gaetano,Leonardi,gaetano.leonardi@despacho.com
592,1952,Cynthia,Robinson,cynthia.robinson@gilles.net
593,4388,Eleni,Aponte,eleni.aponte@club-internet.fr
594,5529,Noelia,Romo,noelia.romo@yahoo.com
595,1316,Evelyn,Haynes,evelyn.haynes@clark.info
596,1670,Katharine,Zaccagnini,katharine.zaccagnini@hotmail.com
597,4909,Lea,Merle,lea.merle@stey.de
598,3401,Marta,Huynh,marta.huynh@hernandez.info
599,4619,Amador,Riley,amador.riley@hotmail.com
600,4722,Julie,Coles,julie.coles@hotmail.fr
601,2188,Beverley,Telesio,beverley.telesio@regnier.fr
602,5497,Corinne,Mitschke,corinne.mitschke@hauffer.net
603,5711,Valerie,Ortega,valerie.ortega@tele2.it
604,4076,Carlos,Delle,carlos.delle@hicks.com
605,1847,Christina,Besnard,christina.besnard@delorme.com
606,2816,Rosario,Jacques,rosario.jacques@yahoo.com
607,5019,Celal,Fischer,celal.fischer@aol.de
608,4869,Leonardo,Guzman,leonardo.guzman@andreozzi-abba.com
609,3613,Clinton,Mason,clinton.mason@yahoo.com
610,3069,Loretta,Mallet,loretta.mallet@sansoni-toscani.it
611,2601,Lorenzo,Roero,lorenzo.roero@hotmail.co.uk
612,2133,Lando,Gutierrez,lando.gutierrez@heser.com
613,3164,Elaine,Patterson,elaine.patterson@rose-morris.org
614,3897,Marcella,Govoni,marcella.govoni@barkholz.net
615,5663,Ettore,Amaldi,ettore.amaldi@germain.com
616,3879,Rufino,Gallegos,rufino.gallegos@webster-newton.co.uk
617,5900,Georges,Richards,georges.richards@macdonald.com
618,2272,Janice,Infantino,janice.infantino@hotmail.com
619,5436,Svetlana,Montanariello,svetlana.montanariello@putz.de
620,3676,Agnolo,Cedillo,agnolo.cedillo@laboratorios.biz
621,4676,Hannah,Jockel,hannah.jockel@ceravolo-tonisto.eu
622,1563,Yvonne,Stout,yvonne.stout@sims.edu
623,4349,Anouk,Pace,anouk.pace@gmail.com
624,1658,Esteban,Valdez,esteban.valdez@hotmail.com
625,2552,Angelina,Davies,angelina.davies@hotmail.com
626,4847,Anastasie,Cadena,anastasie.cadena@live.com
627,1553,Hansjoachim,Lettiere,hansjoachim.lettiere@hall-mcdaniel.net
628,2632,Yeni,Tejada,yeni.tejada@olson.edu.au
629,1908,Dulce,Adinolfi,dulce.adinolfi@hotmail.com
630,5801,Sean,Mielcarek,sean.mielcarek@gmail.com
631,1935,Omar,Fonseca,omar.fonseca@grupo.org
632,2609,Henry,Gucci,henry.gucci@leleu.fr
633,2740,Samira,Bottaro,samira.bottaro@vasseur.fr
634,1907,Korinna,Arnold,korinna.arnold@zapata-saenz.biz
635,1831,Marcela,Ferrante,marcela.ferrante@gmx.de
636,5177,Douglas,Amaya,douglas.amaya@favata-brenna.net
637,6179,Katherina,Barrientos,katherina.barrientos@trobbiani.eu
638,2917,Brittany,Tran,brittany.tran@tele2.it
639,1486,Caroline,Reeves,caroline.reeves@yahoo.com
640,3735,Joe,Michaud,joe.michaud@yahoo.fr
641,3838,Marco,Vittadello,marco.vittadello@gmail.com
642,2430,Kim,Webb,kim.webb@yahoo.com.au
643,2480,Eugenia,Zichichi,eugenia.zichichi@yahoo.com
644,3431,Aurore,Rosemann,aurore.rosemann@leoncavallo-rusticucci.com
645,1742,Giustino,Luzi,giustino.luzi@rolland.fr
646,4628,Anita,Galindo,anita.galindo@gmail.com
647,2385,Gunhild,Carrillo,gunhild.carrillo@elliott-gilbert.org
648,2213,Rosa,Paul,rosa.paul@bien.com
649,5188,Marliese,Oneal,marliese.oneal@gmail.com
650,3418,Bethany,Hartmann,bethany.hartmann@yahoo.com
651,5637,Irina,Martineau,irina.martineau@gmail.com
652,3530,Beatriz,Moulin,beatriz.moulin@pinto.com
653,3731,Lucas,Austin,lucas.austin@gmail.com
654,3219,Carole,Nohlmans,carole.nohlmans@yahoo.com
655,2392,Bozena,Schmitt,bozena.schmitt@vallet.com
656,5103,Aimee,Foconi,aimee.foconi@outlook.com
657,3992,Marzena,Carrero,marzena.carrero@roskoth.de
658,2442,Raisa,Poulain,raisa.poulain@fastwebnet.it
659,2913,Marcantonio,Bennett,marcantonio.bennett@hopkins.com.au
660,1631,Kenneth,Hurst,kenneth.hurst@meunier.net
661,4073,Marisela,Mende,marisela.mende@godoy-enriquez.com
662,4568,Blanka,Villareal,blanka.villareal@monduzzi.net
663,1830,Tomislav,Stoppani,tomislav.stoppani@corporacin.org
664,2623,Krystal,Ammaniti,krystal.ammaniti@barbier.fr
665,4327,Deanna,Aporti,deanna.aporti@bouygtel.fr
666,3713,Donatella,Burns,donatella.burns@yahoo.de
667,2389,Margrit,Hooper,margrit.hooper@douglas.com
668,5141,Baccio,Marcacci,baccio.marcacci@laposte.net
669,3522,Alfio,Roman,alfio.roman@hotmail.co.uk
670,1334,Soledad,Soto,soledad.soto@hotmail.de
671,4721,Josh,Cimarosa,josh.cimarosa@hotmail.com
672,3768,Nath,Rico,nath.rico@yahoo.com
673,1639,Gary,Armani,gary.armani@web.de
674,5149,Miriam,Oquendo,miriam.oquendo@smith-watson.biz
675,2153,Monica,Mohaupt,monica.mohaupt@live.com
676,2767,Alec,Ho,alec.ho@parra-esparza.com
677,5124,Harry,Fouquet,harry.fouquet@ibarra-cooper.com
678,2097,Arcelia,Babati,arcelia.babati@orange.fr
679,4796,Trinidad,Vespa,trinidad.vespa@gmail.com
680,5849,Colette,Ryan,colette.ryan@hotmail.com
681,1495,Richard,Andre,richard.andre@porras.org
682,2462,Ellinor,Leclercq,ellinor.leclercq@gmail.com
683,2280,Patricio,Guillon,patricio.guillon@web.de
684,1877,Kirsten,Chindamo,kirsten.chindamo@carrillo-wall.com
685,6108,Leo,Petruzzi,leo.petruzzi@yahoo.com
686,4427,Margot,Tomaselli,margot.tomaselli@junck.org
687,2881,Ansaldo,Marks,ansaldo.marks@patel-odonnell.com
688,2339,Regina,Morin,regina.morin@barcaccia.net
689,5156,Karla,Medici,karla.medici@yahoo.com
690,4750,Morgan,Irizarry,morgan.irizarry@williams-harris.biz
691,4852,Natividad,Wong,natividad.wong@hoevel.com
692,5734,Anna,Freeman,anna.freeman@snyder.net
693,3801,Emilia,Vivaldi,emilia.vivaldi@garnier.fr
694,4474,Gerda,Cook,gerda.cook@tin.it
695,1992,Andrey,Faure,andrey.faure@frederick-mitchell.info
696,5796,Charlotte,Duke,charlotte.duke@ochoa.org
697,1373,Cindy,Castillo,cindy.castillo@virgilio.it
698,1879,Hiltrud,Thibault,hiltrud.thibault@barbe.com
699,3072,Kasimir,Jaime,kasimir.jaime@gmail.com
700,4561,Sabine,Lachmann,sabine.lachmann@phillips.org
701,5201,Andrea,Arroyo,andrea.arroyo@yahoo.com.au
702,5871,Matthew,Velasquez,matthew.velasquez@gmail.com
703,3041,Severino,Linares,severino.linares@angeli.com
704,5864,Swantje,Lomeli,swantje.lomeli@gmx.de
705,3999,Marcus,Espino,marcus.espino@comolli.eu
706,4849,Allen,Gates,allen.gates@gmail.com
707,5461,Mauricio,Saunders,mauricio.saunders@hotmail.co.uk
708,5946,Gilbert,Cornejo,gilbert.cornejo@hotmail.com
709,4508,Letizia,Gulotta,letizia.gulotta@howard.biz
710,5096,Etta,Gutknecht,etta.gutknecht@leconte.net
711,5443,Shelley,Perry,shelley.perry@gierschner.de
712,2165,Geoffrey,Williams,geoffrey.williams@poste.it
713,2125,Cory,Stewart,cory.stewart@voila.fr
714,6141,Kristy,Bartlett,kristy.bartlett@outlook.com
715,5245,Gianluca,Beck,gianluca.beck@green.biz
716,2190,Guido,Krein,guido.krein@gmail.com
717,2243,Leif,Monnier,leif.monnier@querini.it
718,3336,Jonas,Badoer,jonas.badoer@kennedy.biz
719,3305,Devin,Ebert,devin.ebert@yahoo.fr
720,6191,Slobodan,Camiscione,slobodan.camiscione@hotmail.com
721,1326,Volkmar,Gauthier,volkmar.gauthier@hotmail.com
722,6159,Jordan,Rowe,jordan.rowe@outlook.com
723,2003,Manon,Daugherty,manon.daugherty@segre.com
724,5881,Estela,Segovia,estela.segovia@vodafone.it
725,1918,Giada,Celentano,giada.celentano@evans.net
726,2157,Clayton,Salcedo,clayton.salcedo@hotmail.co.uk
727,3149,Raven,Pinto,raven.pinto@hotmail.com
728,2444,Lewis,Lewis,lewis.lewis@pisano.net
729,6207,Rochus,Rousseau,rochus.rousseau@nguyen.com
730,5580,Belinda,Gamez,belinda.gamez@leleu.com
731,5942,Angelo,Lozano,angelo.lozano@macias.com
732,1592,Jorge,Monti,jorge.monti@clement.fr
733,2344,Ricky,Harrell,ricky.harrell@martin.edu
734,5995,Adriano,Wulf,adriano.wulf@schmidtke.net
735,5022,Pompeo,Bourdon,pompeo.bourdon@gmail.com
736,5991,Kristie,Garrett,kristie.garrett@wernecke.com
737,4020,Lodovico,Conley,lodovico.conley@yahoo.com
738,6028,Jean,Berthelot,jean.berthelot@oscuro.it
739,2790,Tadeusz,Medina,tadeusz.medina@jackson-clark.net
740,4033,Ruby,Carriera,ruby.carriera@hotmail.it
741,1261,Theres,Antonioni,theres.antonioni@hotmail.com
742,1979,Gloria,Morton,gloria.morton@outlook.com
743,2122,Graziano,Jensen,graziano.jensen@gmail.com
744,4506,Gianpaolo,Massey,gianpaolo.massey@bouvier.com
745,3016,Alain,Farmer,alain.farmer@hotmail.it
746,3272,Renato,Murillo,renato.murillo@club.com
747,1375,Edda,Ferraris,edda.ferraris@libero.it
748,4014,Luce,Marty,luce.marty@waehner.org
749,3199,Rotraud,Mitchell,rotraud.mitchell@laboratorios.com
750,2184,Israel,Watkins,israel.watkins@hotmail.com
751,2170,Nathan,Jennings,nathan.jennings@kim.com
752,1478,Gavin,Proietti,gavin.proietti@gmx.de
753,6163,Emma,Rios,emma.rios@yahoo.com.au
754,1889,Todd,Douglas,todd.douglas@web.de
755,5912,Oscar,Holsten,oscar.holsten@yahoo.com
756,2537,Ann,Peron,ann.peron@grupo.biz
757,2118,Senta,Grassi,senta.grassi@hotmail.com
758,3234,Kata,Mena,kata.mena@gmail.com
759,3842,Gianfranco,Hethur,gianfranco.hethur@stewart-lee.com.au
760,3032,Florentine,Saraceno,florentine.saraceno@gmail.com
761,3238,Giuliano,Bolzmann,giuliano.bolzmann@pacillo.it
762,2059,Alwine,Kostolzin,alwine.kostolzin@holloway.com
763,5238,Giacinto,Briggs,giacinto.briggs@yahoo.co.uk
764,2578,Holly,Negrete,holly.negrete@hotmail.com
765,4789,Mark,Trapanese,mark.trapanese@gmail.com
766,2357,Alyssa,Brun,alyssa.brun@chittolini-spadafora.it
767,1235,Cristina,Chevalier,cristina.chevalier@proyectos.com
768,3558,Shannon,Lefevre,shannon.lefevre@gmail.com
769,1707,Logan,Hornich,logan.hornich@tin.it
770,2842,Rosalia,Toro,rosalia.toro@free.fr
771,5318,Reiner,Poerio,reiner.poerio@yahoo.com
772,1620,Valentina,Pages,valentina.pages@hotmail.de
773,4998,Enrico,Fabre,enrico.fabre@gmail.com
774,3111,Sevim,Begue,sevim.begue@yahoo.com.au
775,1424,Sonja,Patberg,sonja.patberg@hotmail.com
776,3244,Christine,Hiller,christine.hiller@yahoo.com
777,4643,Maik,Beasley,maik.beasley@harper-brooks.biz
778,6132,Elliot,Santana,elliot.santana@gmx.de
779,3790,Eloy,Renzi,eloy.renzi@gmail.com
780,1312,Wolf,Lutz,wolf.lutz@nichols-jackson.com.au
781,5686,Giuseppe,Lee,giuseppe.lee@mahe.org
782,2111,Angelica,Cuellar,angelica.cuellar@zaguri-bellucci.net
783,5685,Bekir,Normand,bekir.normand@yahoo.de
784,1905,Carmine,Gonzales,carmine.gonzales@schleich.net
785,3271,Marianne,Hubert,marianne.hubert@hotmail.com
786,4178,Gonzalo,Montes,gonzalo.montes@hotmail.com
787,3275,Shelly,Guichard,shelly.guichard@gmail.com
788,5713,Tobias,Carbajal,tobias.carbajal@live.com
789,3339,Santiago,Berry,santiago.berry@aol.de
790,5585,Emilio,Davenport,emilio.davenport@zamora-russo.net
791,4407,Maurizio,Gute,maurizio.gute@knight.info
792,1941,Nadia,Travaglio,nadia.travaglio@colletti-broggini.com
793,4690,Elisa,Barkholz,elisa.barkholz@sfr.fr
794,3607,Cristal,Mazzini,cristal.mazzini@gmail.com
795,2670,Trevor,Granados,trevor.granados@gmail.com
796,5261,Matthieu,Mcdonald,matthieu.mcdonald@morrison.org
797,4121,Juliette,Preston,juliette.preston@gmail.com
798,4620,Stanislaw,Montalvo,stanislaw.montalvo@mcpherson-hughes.info
799,4630,Lilia,Lollobrigida,lilia.lollobrigida@le.com
800,3440,Brigitta,Shaw,brigitta.shaw@hotmail.co.uk
801,3572,Rebeca,Frey,rebeca.frey@gerard.fr
802,5306,Nicolas,Palacios,nicolas.palacios@meraz.com
803,5122,Susanna,Bonneau,susanna.bonneau@klingelhoefer.de
804,1368,Romina,Valentine,romina.valentine@hotmail.com
805,5370,Erika,Toussaint,erika.toussaint@sfr.fr
806,5636,Lothar,Laurent,lothar.laurent@garcia.com.au
807,6033,Chelsea,Verdugo,chelsea.verdugo@campbell.com
808,3599,Ria,Venier,ria.venier@murillo-estevez.com
809,5566,Carly,Summers,carly.summers@yahoo.co.uk
810,1873,Pasquale,Tomasini,pasquale.tomasini@hotmail.co.uk
811,3904,Stefani,Ughi,stefani.ughi@hotmail.it
812,4453,Jose,Huang,jose.huang@gmx.de
813,5481,Petros,Gaona,petros.gaona@googlemail.com
814,2987,Maximilian,Siering,maximilian.siering@gaito-fornaciari.org
815,2431,Ermenegildo,Holzapfel,ermenegildo.holzapfel@aol.de
816,4158,Damien,Leger,damien.leger@dixon.biz
817,3753,Zeferino,Barrera,zeferino.barrera@zedillo-velazquez.com
818,4391,Alfred,Pohl,alfred.pohl@fechner.net
819,2026,Marissa,Gaito,marissa.gaito@reed-campbell.edu
820,4547,Ariana,Houston,ariana.houston@hotmail.it
821,2798,Victor,Jacobs,victor.jacobs@young.com
822,4732,Henriette,Lang,henriette.lang@mimun.it
823,5126,Wilfriede,Baca,wilfriede.baca@caraballo.com
824,5151,Lucia,Riviere,lucia.riviere@samaniego.biz
825,2134,Gordon,Vigorelli,gordon.vigorelli@solano.com
826,5786,Diethard,Salgado,diethard.salgado@gmail.com
827,5515,Sue,Corrales,sue.corrales@cardenas-serna.org
828,4530,Arthur,Salazar,arthur.salazar@yahoo.com.au
829,4088,Fortunata,Schneider,fortunata.schneider@tiscali.it
830,3667,Gretchen,Serna,gretchen.serna@pichon.org
831,3286,Egon,Caron,egon.caron@hotmail.com
832,4804,Roberta,Finzi,roberta.finzi@knight-davies.co.uk
833,5768,Editha,Savage,editha.savage@davies.co.uk
834,6098,Allan,Emanuelli,allan.emanuelli@fernandes.org
835,2508,Laurence,Lucero,laurence.lucero@martin.org
836,5779,Istvan,Draghi,istvan.draghi@ifrance.com
837,1717,Luigi,Bonnet,luigi.bonnet@carriera-federico.it
838,3368,Yuridia,Fantozzi,yuridia.fantozzi@mcdonald.com
839,4265,Eraldo,Schmiedt,eraldo.schmiedt@hotmail.de
840,4455,Antoinette,Cox,antoinette.cox@bustamante.com
841,2940,Cameron,Ocampo,cameron.ocampo@hotmail.com.au
842,6144,Lynn,Lawson,lynn.lawson@leclercq.com
843,3657,Natalia,Seifert,natalia.seifert@ifrance.com
844,1537,Nuray,Anguillara,nuray.anguillara@yahoo.co.uk
845,2116,Beate,Morgan,beate.morgan@gmail.com
846,5102,Mario,Rees,mario.rees@gmx.de
847,5815,Galasso,Junken,galasso.junken@yahoo.co.uk
848,4250,Luca,Moses,luca.moses@franke.de
849,4533,Aurelio,Gertz,aurelio.gertz@hewitt.net
850,3329,Uberto,Steele,uberto.steele@outlook.com
851,3606,Annie,Hunter,annie.hunter@allen.co.uk
852,4749,Jo,Mccarty,jo.mccarty@hotmail.com
853,2222,Eitel,Lombard,eitel.lombard@thomas.net
854,1939,Susan,Vigliotti,susan.vigliotti@yahoo.co.uk
855,2456,Jacqueline,Germano,jacqueline.germano@valette.fr
856,2794,Fidel,Ruppert,fidel.ruppert@yahoo.co.uk
857,2648,Margaret,Eigenwillig,margaret.eigenwillig@yahoo.com
858,2545,Yvette,Harding,yvette.harding@yahoo.co.uk
859,3273,Federigo,Karge,federigo.karge@bohlander.com
860,6155,Guenther,Armenta,guenther.armenta@free.fr
861,6064,Coriolano,Higgins,coriolano.higgins@murphy.org.au
862,1729,Felix,Rubio,felix.rubio@ebert.de
863,4969,Melanie,Leveque,melanie.leveque@fleury.net
864,3402,Abbie,Galeati,abbie.galeati@ubaldi.it
865,2810,Vittorio,Caccioppoli,vittorio.caccioppoli@yahoo.com
866,2217,Biagio,Valenzuela,biagio.valenzuela@robinson.info
867,5140,Dario,Green,dario.green@live.com
868,4497,Alwina,Textor,alwina.textor@poste.it
869,5100,Diether,Baeza,diether.baeza@grupo.biz
870,3390,Sole,Trevino,sole.trevino@hotmail.com
871,1926,Darren,Bernardi,darren.bernardi@brooks-martin.com
872,3264,Martina,Heser,martina.heser@morellato.it
873,2573,Bethan,Giacometti,bethan.giacometti@gmail.com
874,3628,Ethan,Duhamel,ethan.duhamel@sfr.fr
875,3826,Corrado,Warren,corrado.warren@hotmail.com.au
876,5983,Damian,Pulido,damian.pulido@yahoo.de
877,5678,Dino,Osborne,dino.osborne@despacho.com
878,2093,Nicolaus,Bernetti,nicolaus.bernetti@aol.de
879,5333,Gianna,Carroll,gianna.carroll@perez.com
880,5139,Grit,Knight,grit.knight@web.de
881,3173,Erin,Weinhold,erin.weinhold@hotmail.fr
882,3333,Craig,Jordan,craig.jordan@gmail.com
883,2262,Homero,Respighi,homero.respighi@gmail.com
884,1531,Fanny,Pertile,fanny.pertile@gmail.com
885,4881,Fridolin,Comboni,fridolin.comboni@graf.com
886,3928,Hugh,Cantu,hugh.cantu@libero.it
887,1803,Alphons,Simmons,alphons.simmons@hotmail.com
888,2321,Ludovico,Cafarchia,ludovico.cafarchia@gmail.com
889,6234,Nico,Kaiser,nico.kaiser@almonte.com
890,1422,Kirsty,Lamy,kirsty.lamy@alonzi.it
891,2660,Joshua,Scheibe,joshua.scheibe@turci.org
892,5361,Carin,Pineau,carin.pineau@yahoo.com
893,3420,Ellie,Galarza,ellie.galarza@pareto-cattaneo.net
894,4337,Marion,Lira,marion.lira@ifrance.com
895,2338,Aurelia,Angiolello,aurelia.angiolello@lord.com
896,4140,Maura,Ravaglioli,maura.ravaglioli@yahoo.com
897,2373,Brunhilde,Fletcher,brunhilde.fletcher@schomber.de
898,1344,Ottfried,Marques,ottfried.marques@tyler-watson.info
899,2141,Christelle,Blasi,christelle.blasi@morris-chan.com
900,3415,Augusto,Vercelloni,augusto.vercelloni@club-internet.fr
901,5696,Michela,Pruvost,michela.pruvost@holt.co.uk
902,1798,Guarino,Escalante,guarino.escalante@hotmail.com
903,1657,Gabriela,Padilla,gabriela.padilla@pearson-russell.com
904,3651,Agathe,Dias,agathe.dias@jackson.com
905,3574,Werner,Kallert,werner.kallert@gmail.com
906,6063,Lore,Delaunay,lore.delaunay@yahoo.com
907,2404,Enzio,Campos,enzio.campos@tim.it
908,2705,Walther,Duarte,walther.duarte@web.de
909,5059,Adelgunde,Trevisan,adelgunde.trevisan@gmail.com
910,5466,Thierry,Schwartz,thierry.schwartz@travaglio.net
911,5821,Katie,Andersen,katie.andersen@haney.com.au
912,5385,Kathy,Zamorani,kathy.zamorani@hotmail.com
913,3506,Giuseppina,Tanguy,giuseppina.tanguy@wanadoo.fr
914,5427,Jack,Klapp,jack.klapp@hotmail.com.au
915,6142,Tom,Leconte,tom.leconte@woods-johnson.com
916,2873,Bonnie,Cignaroli,bonnie.cignaroli@yahoo.com
917,3916,Danny,Farrell,danny.farrell@hotmail.com
918,1687,Fiorenzo,Bauer,fiorenzo.bauer@gmail.com
919,1542,Randy,Alfieri,randy.alfieri@verri.org
920,3087,Tim,Bradley,tim.bradley@schlosser.de
921,3857,Yves,Mendez,yves.mendez@gmail.com
922,5921,Raffaella,Esquivel,raffaella.esquivel@gmail.com
923,3144,Lawrence,Vasari,lawrence.vasari@castillo.edu
924,2676,Sam,Adams,sam.adams@yahoo.com
925,3646,Mirco,Nicolini,mirco.nicolini@blin.net
926,1321,Graham,Bajardi,graham.bajardi@yahoo.com
927,1399,Luc,Quinn,luc.quinn@walker.com
928,3169,Stella,Ullrich,stella.ullrich@hotmail.com.au
929,2058,Calcedonio,Remy,calcedonio.remy@edwards-benton.com
930,1300,Nanni,Almaraz,nanni.almaraz@martin.com
931,2075,Pascual,Corradi,pascual.corradi@lopez.net.au
932,2984,Kristi,Grant,kristi.grant@yahoo.co.uk
933,4768,Manuel,Gracia,manuel.gracia@trussardi.eu
934,3682,Gionata,Hussain,gionata.hussain@yahoo.com
935,5901,Maria,Nguyen,maria.nguyen@hernadez.com
936,3540,Leon,Baker,leon.baker@hotmail.com
937,2225,Gianmarco,Alcaraz,gianmarco.alcaraz@zacchia.net
938,1485,Derrick,Little,derrick.little@small.org
939,5343,Terry,Ramirez,terry.ramirez@hotmail.co.uk
940,5594,Katarina,Clarke,katarina.clarke@hotmail.com.au
941,2482,Leila,Washington,leila.washington@gmail.com
942,2706,Mirko,Townsend,mirko.townsend@schmitt.com
943,4861,Randall,Connolly,randall.connolly@jovinelli-castelli.com
944,2961,Pia,Burgess,pia.burgess@proyectos.org
945,3043,Justine,Mancini,justine.mancini@tiscali.it
946,6103,Reynaldo,Wagenknecht,reynaldo.wagenknecht@faure.com
947,4708,Toni,Magrassi,toni.magrassi@gmail.com
948,4395,Patrizio,Cisneros,patrizio.cisneros@martinez.edu.au
949,4912,Durante,Lindner,durante.lindner@picard.fr
950,2030,Rosl,Lamborghini,rosl.lamborghini@hiller.net
951,5235,Ugo,Harrison,ugo.harrison@morley-chapman.co.uk
952,5001,Isidor,Carpenter,isidor.carpenter@chauvin.com
953,4093,Marie,Zoppetto,marie.zoppetto@kallert.de
954,2576,Branko,Chambers,branko.chambers@ifrance.com
955,6122,Alan,Pineda,alan.pineda@proyectos.info
956,2813,Carmen,Oestrovsky,carmen.oestrovsky@gmail.com
957,3737,Shane,Fernandez,shane.fernandez@hotmail.de
958,2803,Debbie,Guilbert,debbie.guilbert@berg.edu
959,5508,Vito,Dossi,vito.dossi@hotmail.co.uk
960,3850,Evan,Schacht,evan.schacht@price.com
961,4220,Mandy,Weston,mandy.weston@free.fr
962,4532,Paulo,Zito,paulo.zito@nelson.biz
963,6013,Alberto,Girschner,alberto.girschner@laboratorios.com
964,3396,Giacomo,Bouvet,giacomo.bouvet@gmail.com
965,4401,Ehrentraud,Puga,ehrentraud.puga@laboratorios.com
966,2981,Cristian,Hale,cristian.hale@hotmail.co.uk
967,4467,Lilija,Charles,lilija.charles@gmail.com
968,1377,Albert,Legendre,albert.legendre@lee.com
969,5036,Marisa,Renaud,marisa.renaud@smith.org
970,5761,Sharon,Diallo,sharon.diallo@gmail.com
971,3699,Eduardo,Delattre,eduardo.delattre@lynch.net.au
972,4519,Bernadette,Wang,bernadette.wang@gmail.com
973,5395,Dina,Gibbons,dina.gibbons@brewer.net
974,3057,Clara,Armstrong,clara.armstrong@vodafone.it
975,2741,Elliott,Herrmann,elliott.herrmann@hotmail.com.au
976,1675,Graziella,Vidal,graziella.vidal@hotmail.com
977,2712,Francisca,Becerra,francisca.becerra@young.com.au
978,4527,Edeltrud,Boyer,edeltrud.boyer@outlook.com
979,1722,Julian,Noble,julian.noble@hill.org.au
980,4330,Christophe,Bohnbach,christophe.bohnbach@ifrance.com
981,5219,Ippazio,Angulo,ippazio.angulo@yahoo.com
982,4997,Grace,Kroker,grace.kroker@hotmail.com
983,2239,Jared,Ferguson,jared.ferguson@roberts.com
984,4587,Virginie,McLean,virginie.mclean@yahoo.com
985,4113,Mason,Potter,mason.potter@gmail.com
986,4762,Aaron,Anaya,aaron.anaya@hotmail.com.au
987,5242,Leah,Ornelas,leah.ornelas@gmail.com
988,5765,Harald,Roy,harald.roy@web.de
989,2185,Micaela,Martel,micaela.martel@hotmail.com
990,5500,Vincentio,Sanders,vincentio.sanders@voila.fr
991,3494,Bettina,Norbiato,bettina.norbiato@allen-lutz.org
992,3924,Julio,Renner,julio.renner@industrias.net
993,3521,Jelena,Stiffel,jelena.stiffel@trupp.de
994,5262,Guadalupe,Munoz,guadalupe.munoz@murray-hamilton.com.au
995,3684,Whitney,Noack,whitney.noack@laboratorios.org
996,5784,Gelsomina,Migliaccio,gelsomina.migliaccio@junk.com
997,1498,Evangelista,Pereira,evangelista.pereira@thompson-peterson.biz
998,6073,Gareth,Comolli,gareth.comolli@tiscali.fr
999,4939,Michelangelo,Hess,michelangelo.hess@bouygtel.fr
